City,Country,Latitude,Longitude,Population
Rome,Italy,41.9,12.483333,2643736
Milan,Italy,45.466667,9.2,1156903
Naples,Italy,40.833333,14.25,981284
Turin,Italy,45.05,7.666667,846489
Palermo,Italy,38.116667,13.366667,669582
Genoa,Italy,44.416667,8.95,585815
Bologna,Italy,44.483333,11.333333,367168
Florence,Italy,43.766667,11.25,347194
Catania,Italy,37.5,15.1,307331
Bari,Italy,41.133333,16.85,303049
Venice,Italy,45.438611,12.326667,259126
Verona,Italy,45.45,11,247082
Messina,Italy,38.183333,15.566667,237956
Padova,Italy,45.416667,11.883333,205247
Trieste,Italy,45.648611,13.78,204379
Brescia,Italy,45.55,10.25,193713
Taranto,Italy,40.476111,17.229722,191364
Reggio di Calabria,Italy,38.1,15.65,181990
Modena,Italy,44.666667,10.916667,180641
Prato,Italy,43.883333,11.1,178915
Cagliari,Italy,39.216667,9.116667,157343
Perugia,Italy,43.133333,12.366667,157077
Parma,Italy,44.8,10.333333,155693
Leghorn,Italy,43.55,10.316667,146762
Salerno,Italy,40.683333,14.783333,144147
Foggia,Italy,41.45,15.566667,143826
Ravenna,Italy,44.4175,12.201111,143396
Rimini,Italy,44.063333,12.580833,132031
Ferrara,Italy,44.833333,11.583333,131252
Syracuse,Italy,37.066667,15.3,127666
Latina,Italy,41.466667,12.866667,124330
Monza,Italy,45.583333,9.266667,120857
Sassari,Italy,40.727222,8.560278,119187
Pescara,Italy,42.466667,14.216667,118136
Bergamo,Italy,45.683333,9.716667,113603
Forlì,Italy,44.223611,12.052778,111574
Vicenza,Italy,45.55,11.55,108636
Terni,Italy,42.566667,12.616667,108006
Giugliano in Campania,Italy,40.933333,14.2,107680
Trento,Italy,46.066667,11.133333,106703
Novara,Italy,45.466667,8.633333,105903
Ancona,Italy,43.633333,13.5,100982
Piacenza,Italy,45.016667,9.666667,95453
Arezzo,Italy,43.416667,11.883333,95233
Udine,Italy,46.061944,13.242222,94597
Andria,Italy,41.216667,16.283333,93819
Barletta,Italy,41.316667,16.283333,92650
Brindisi,Italy,40.633333,17.933333,92457
Cesena,Italy,44.143333,12.249722,92280
Pesaro,Italy,43.9,12.916667,91817
Catanzaro,Italy,38.9,16.583333,91584
Bolzano,Italy,46.516667,11.366667,91209
La Spezia,Italy,44.116667,9.833333,89012
Torre del Greco,Italy,40.783333,14.366667,88006
Pistoia,Italy,43.916667,10.9,85267
Varese,Italy,45.8,8.833333,84371
Pisa,Italy,43.716667,10.383333,83803
Guidonia,Italy,42.016667,12.75,81837
Treviso,Italy,45.666667,12.245,81323
Pozzuoli,Italy,40.816667,14.116667,81237
Marsala,Italy,37.8,12.433333,80755
Lucca,Italy,43.833333,10.483333,80617
Lecce,Italy,40.383333,18.183333,79259
Busto Arsizio,Italy,45.616667,8.85,79229
Casoria,Italy,40.9,14.283333,78629
Caserta,Italy,41.066667,14.333333,78598
Como,Italy,45.783333,9.083333,78582
Gela,Italy,37.066667,14.25,74959
Sesto San Giovanni,Italy,45.533333,9.233333,74668
Cinisello Balsamo,Italy,45.55,9.216667,74123
Ragusa,Italy,36.916667,14.733333,72631
Grosseto,Italy,42.766667,11.133333,72328
Asti,Italy,44.9,8.2,72194
Pavia,Italy,45.166667,9.166667,71520
Cremona,Italy,45.116667,10.033333,70748
Trapani,Italy,38.016667,12.483333,70031
Potenza,Italy,40.633333,15.8,68823
Massa,Italy,44.016667,10.15,68318
Aprilia,Italy,41.6,12.65,67935
Cosenza,Italy,39.3,16.25,67380
Carrara,Italy,44.083333,10.1,67228
Castellammare di Stabia,Italy,40.7,14.483333,66944
Imola,Italy,44.35,11.7,66903
Altamura,Italy,40.816667,16.55,66119
Caltanissetta,Italy,37.483333,14.066667,64189
Carpi,Italy,44.783333,10.883333,63336
Viterbo,Italy,42.416667,12.1,63299
Benevento,Italy,41.133333,14.75,61728
Molfetta,Italy,41.2,16.6,61308
Viareggio,Italy,43.866667,10.233333,59866
Fano,Italy,43.833333,13.016667,59864
Afragola,Italy,40.916667,14.3,59416
Cerignola,Italy,41.266667,15.9,58888
Savona,Italy,44.283333,8.5,58302
Bitonto,Italy,41.1,16.683333,58242
Legnano,Italy,45.6,8.9,57996
Matera,Italy,40.666667,16.6,57250
Manfredonia,Italy,41.633333,15.916667,57015
Fiumicino,Italy,41.766667,12.233333,56970
Vittoria,Italy,36.95,14.533333,56765
Velletri,Italy,41.683333,12.783333,56758
San Severo,Italy,41.683333,15.383333,56708
Aversa,Italy,40.966667,14.2,56626
Modica,Italy,36.866667,14.766667,56282
Portici,Italy,40.816667,14.333333,55775
Agrigento,Italy,37.316667,13.566667,55402
Bagheria,Italy,38.083333,13.5,55388
Vigevano,Italy,45.316667,8.85,55078
Faenza,Italy,44.283333,11.883333,54919
Trani,Italy,41.283333,16.416667,53902
Rho,Italy,45.533333,9.033333,53558
Ercolano,Italy,40.8,14.35,53341
Chioggia,Italy,45.225556,12.288889,53074
Bisceglie,Italy,41.233333,16.5,52878
Moncalieri,Italy,45,7.683333,52820
Battipaglia,Italy,40.616667,14.966667,52818
Casalnuovo di Napoli,Italy,40.916667,14.333333,52709
Cuneo,Italy,44.383333,7.533333,52500
Avellino,Italy,40.9,14.783333,52466
Acireale,Italy,37.616667,15.166667,51967
Civitavecchia,Italy,42.1,11.8,51480
Chieti,Italy,42.35,14.166667,51194
Mazara del Vallo,Italy,37.65,12.583333,50979
San Giorgio a Cremano,Italy,40.833333,14.333333,50887
Marano di Napoli,Italy,40.9,14.183333,50885
Foligno,Italy,42.95,12.7,50616
Scandicci,Italy,43.75,11.183333,50491
Ascoli Piceno,Italy,42.85,13.566667,50092
Monopoli,Italy,40.95,17.3,50064
Rivoli,Italy,45.066667,7.516667,49959
Frosinone,Italy,41.633333,13.316667,49775
Bollate,Italy,45.55,9.116667,49620
Teramo,Italy,42.65,13.7,49605
Nichelino,Italy,44.983333,7.633333,49474
Tivoli,Italy,41.966667,12.8,49303
San Remo,Italy,43.816667,7.766667,49053
Pomezia,Italy,41.666667,12.5,48859
Crotone,Italy,39.083333,17.133333,48825
Nocera Inferiore,Italy,40.733333,14.633333,48798
Rovigo,Italy,45.066667,11.783333,48634
Pordenone,Italy,45.963889,12.6575,48581
Gallarate,Italy,45.666667,8.783333,48529
Martina Franca,Italy,40.7,17.333333,48233
Scafati,Italy,40.75,14.516667,48113
Siena,Italy,43.316667,11.35,47922
Cologno Monzese,Italy,45.533333,9.283333,47871
Paderno Dugnano,Italy,45.55,9.166667,47733
Campobasso,Italy,41.566667,14.65,47569
Settimo Torinese,Italy,45.15,7.766667,47463
Torre Annunziata,Italy,40.75,14.45,47211
Lecco,Italy,45.85,9.383333,47113
Sesto Fiorentino,Italy,43.833333,11.2,47074
Paterno,Italy,37.566667,14.9,47042
Acerra,Italy,40.95,14.366667,46729
Misterbianco,Italy,37.516667,15,46600
Empoli,Italy,43.716667,10.95,45971
Mantova,Italy,45.15,10.8,45959
Biella,Italy,45.566667,8.05,45636
Rieti,Italy,42.4,12.85,45355
Corato,Italy,41.15,16.416667,45276
Vercelli,Italy,45.316667,8.416667,45114
Olbia,Italy,40.916667,9.516667,44903
Alcamo,Italy,37.983333,12.966667,44278
San Benedetto del Tronto,Italy,42.95,13.883333,43767
Gravina in Puglia,Italy,40.816667,16.416667,43640
Montesilvano,Italy,42.483333,14.133333,43237
Sciacca,Italy,37.516667,13.05,42902
Bassano del Grappa,Italy,45.766667,11.733333,42457
Senigallia,Italy,43.716667,13.216667,42180
Alghero,Italy,40.558889,8.318056,42034
Marcianise,Italy,41.033333,14.283333,41726
Anzio,Italy,41.45,12.616667,41629
Melito di Napoli,Italy,40.916667,14.233333,41291
Capannori,Italy,43.833333,10.566667,41274
Lodi,Italy,45.316667,9.5,41043
Macerata,Italy,43.3,13.45,40893
Formia,Italy,41.25,13.616667,40726
Ciampino,Italy,41.8,12.6,40686
Cascina,Italy,43.683333,10.55,40663
Nettuno,Italy,41.45,12.65,40642
Monterotondo,Italy,42.05,12.616667,40249
Seregno,Italy,45.65,9.2,40237
Imperia,Italy,43.883333,8.05,39987
Città di Castello,Italy,43.45,12.233333,39959
Campi Bisenzio,Italy,43.816667,11.133333,39555
Jesi,Italy,43.516667,13.233333,39463
Civitanova Marche,Italy,43.3,13.733333,39288
Schio,Italy,45.716667,11.35,39001
Avezzano,Italy,42.033333,13.416667,38957
Fasano,Italy,40.833333,17.366667,38871
Voghera,Italy,44.983333,9.016667,38848
Caltagirone,Italy,37.233333,14.516667,38753
Nuoro,Italy,40.316667,9.35,38543
Arzano,Italy,40.916667,14.266667,38397
Lanciano,Italy,42.233333,14.383333,38351
Maddaloni,Italy,41.033333,14.383333,38099
Saronno,Italy,45.633333,9.033333,38080
Terracina,Italy,41.283333,13.25,37984
Albano Laziale,Italy,41.733333,12.65,37869
Vasto,Italy,42.116667,14.7,37841
Venaria Reale,Italy,45.133333,7.633333,37806
Grugliasco,Italy,45.066667,7.583333,37599
San Donà di Piave,Italy,45.631667,12.569444,37452
Sassuolo,Italy,44.55,10.783333,37446
Francavilla Fontana,Italy,40.533333,17.583333,37411
Lissone,Italy,45.616667,9.233333,37137
Eboli,Italy,40.6,15.066667,37120
Caivano,Italy,40.95,14.3,36860
Desio,Italy,45.616667,9.216667,36708
Corigliano Calabro,Italy,39.6,16.516667,36531
Cantù,Italy,45.733333,9.133333,36513
Spoleto,Italy,42.733333,12.733333,36489
Rende,Italy,39.333333,16.183333,36400
Mira,Italy,45.43,12.119722,36219
Modugno,Italy,41.083333,16.783333,36208
Adrano,Italy,37.666667,14.833333,36184
Rozzano,Italy,45.366667,9.15,36179
Fermo,Italy,43.15,13.716667,36060
Vibo Valentia,Italy,38.666667,16.1,36055
Conegliano,Italy,45.890556,12.2925,36037
Cisterna,Italy,41.583333,12.816667,35945
Belluno,Italy,46.145,12.221389,35895
Cassino,Italy,41.5,13.816667,35683
Lucera,Italy,41.5,15.333333,35396
Casale Monferrato,Italy,45.133333,8.45,35337
Somma Vesuviana,Italy,40.866667,14.433333,35196
Fondi,Italy,41.35,13.416667,35157
Rossano,Italy,39.566667,16.633333,35073
Licata,Italy,37.1,13.933333,35018
Ladispoli,Italy,41.933333,12.083333,34995
Cesano Maderno,Italy,45.633333,9.133333,34758
Gorizia,Italy,45.945,13.597778,34602
Monreale,Italy,38.083333,13.283333,34544
Crema,Italy,45.366667,9.683333,34359
Riccione,Italy,43.983333,12.65,34228
Piombino,Italy,42.916667,10.533333,34114
Pinerolo,Italy,44.883333,7.35,33807
Chieri,Italy,45.016667,7.816667,33804
Augusta,Italy,37.216667,15.216667,33635
Merano,Italy,46.666667,11.15,33514
Rovereto,Italy,45.883333,11.033333,33510
Aosta,Italy,45.733333,7.333333,33503
Castelfranco Veneto,Italy,45.666667,11.916667,33449
Casalecchio di Reno,Italy,44.466667,11.266667,33288
Segrate,Italy,45.483333,9.283333,33249
San Donato Milanese,Italy,45.416667,9.266667,33116
Cerveteri,Italy,42,12.1,33069
Ardea,Italy,41.6,12.55,32934
Termoli,Italy,42,15,32917
Marino,Italy,41.766667,12.65,32905
Nola,Italy,40.916667,14.55,32872
Partinico,Italy,38.05,13.116667,32870
Mugnano di Napoli,Italy,40.916667,14.2,32847
Avola,Italy,36.9,15.133333,32767
Ostuni,Italy,40.733333,17.583333,32604
Pagani,Italy,40.75,14.616667,32580
San Giuliano Terme,Italy,43.766667,10.433333,32516
Canicattì,Italy,37.35,13.85,32514
Brugherio,Italy,45.55,9.3,32439
San Giuliano Milanese,Italy,45.4,9.283333,32437
Formigine,Italy,44.566667,10.85,32419
Pioltello,Italy,45.5,9.333333,32312
Lugo,Italy,44.416667,11.9,32235
Corsico,Italy,45.433333,9.116667,32168
Rosignano Marittimo,Italy,43.4,10.466667,31871
Favara,Italy,37.316667,13.65,31846
Marigliano,Italy,40.933333,14.45,31772
Gubbio,Italy,43.35,12.583333,31742
Limbiate,Italy,45.6,9.116667,31736
Grottaglie,Italy,40.533333,17.433333,31543
Carbonia,Italy,39.167222,8.522222,31508
Massafra,Italy,40.591944,17.115278,31436
Nardò,Italy,40.183333,18.033333,31294
Sarno,Italy,40.816667,14.616667,31278
Frattamaggiore,Italy,40.95,14.266667,31251
Aci Catena,Italy,37.6,15.133333,31216
Fabriano,Italy,43.333333,12.9,31087
Alba,Italy,44.7,8.033333,30860
Camaiore,Italy,43.933333,10.3,30860
Iglesias,Italy,39.311389,8.535,30851
Enna,Italy,37.566667,14.266667,30785
Milazzo,Italy,38.216667,15.233333,30778
Manduria,Italy,40.4,17.633333,30534
Osimo,Italy,43.483333,13.483333,30463
Canosa di Puglia,Italy,41.216667,16.066667,30426
Alatri,Italy,41.716667,13.35,30322
Abbiategrasso,Italy,45.4,8.9,30308
Villafranca di Verona,Italy,45.35,10.833333,30271
Selargius,Italy,39.256667,9.1675,30232
Vittorio Veneto,Italy,45.976667,12.303333,30193
Oristano,Italy,39.903056,8.591944,30069
Cento,Italy,44.716667,11.283333,30001
San Lazzaro di Savena,Italy,44.466667,11.416667,29962
Carini,Italy,38.133333,13.183333,29785
Santa Maria Capua Vetere,Italy,41.083333,14.25,29780
Angri,Italy,40.733333,14.566667,29745
Comiso,Italy,36.933333,14.6,29575
Niscemi,Italy,37.15,14.383333,29459
Bra,Italy,44.7,7.85,29454
Rapallo,Italy,44.35,9.233333,29379
Garbagnate Milanese,Italy,45.566667,9.066667,29295
Gragnano,Italy,40.683333,14.516667,29227
Poggibonsi,Italy,43.466667,11.15,28619
Montebelluna,Italy,45.775278,12.038889,28562
Villaricca,Italy,40.916667,14.2,28190
Putignano,Italy,40.85,17.116667,27994
Galatina,Italy,40.166667,18.166667,27985
Cecina,Italy,43.316667,10.516667,27969
Falconara Marittima,Italy,43.616667,13.4,27917
San Miniato,Italy,43.683333,10.85,27806
Mascalucia,Italy,37.566667,15.05,27703
Giarre,Italy,37.716667,15.183333,27688
Termini Imerese,Italy,37.983333,13.7,27632
Mogliano Veneto,Italy,45.565,12.235,27612
Cernusco sul Naviglio,Italy,45.516667,9.316667,27540
Castelfranco Emilia,Italy,44.616667,11.05,27398
Castelvetrano,Italy,37.683333,12.783333,27286
Chiavari,Italy,44.316667,9.316667,27277
San Giovanni Rotondo,Italy,41.7,15.733333,27228
Treviglio,Italy,45.516667,9.583333,27200
Scicli,Italy,36.783333,14.7,27198
Mirano,Italy,45.494444,12.104722,27152
Qualiano,Italy,40.916667,14.15,27149
Novi Ligure,Italy,44.766667,8.783333,27115
Terlizzi,Italy,41.133333,16.533333,27076
Santeramo in Colle,Italy,40.8,16.75,27024
Mesagne,Italy,40.566667,17.8,26981
Boscoreale,Italy,40.783333,14.466667,26944
Cervia,Italy,44.261667,12.358889,26914
Bresso,Italy,45.533333,9.183333,26815
Sulmona,Italy,42.05,13.916667,26796
Pontedera,Italy,43.666667,10.633333,26713
Triggiano,Italy,41.066667,16.916667,26708
Bacoli,Italy,40.8,14.083333,26579
Valdagno,Italy,45.65,11.3,26435
Ruvo di Puglia,Italy,41.116667,16.483333,26385
Francavilla al Mare,Italy,42.416667,14.283333,26335
Monfalcone,Italy,45.807222,13.534167,26331
Assèmini,Italy,39.290556,8.996944,26309
Pompei,Italy,40.75,14.5,26251
Gioia del Colle,Italy,40.8,16.916667,26205
Vimercate,Italy,45.616667,9.366667,26053
Sora,Italy,41.716667,13.616667,25977
Desenzano del Garda,Italy,45.466667,10.533333,25974
Assisi,Italy,43.066667,12.616667,25749
Misilmeri,Italy,38.033333,13.45,25692
Carmagnola,Italy,44.85,7.716667,25658
Capoterra,Italy,39.174444,8.971111,25572
Lainate,Italy,45.566667,9.033333,25446
Bagno a Ripoli,Italy,43.75,11.316667,25431
San Giovanni in Persiceto,Italy,44.633333,11.183333,25344
Spinea,Italy,45.493056,12.160556,25198
Parabiago,Italy,45.55,8.95,25186
Erice,Italy,38.033333,12.583333,25160
Fossano,Italy,44.55,7.716667,25133
Tortona,Italy,44.9,8.866667,25129
Noicattaro,Italy,41.033333,16.983333,25022
Ceccano,Italy,41.566667,13.333333,24918
Mondragone,Italy,41.116667,13.883333,24810
Conversano,Italy,40.966667,17.116667,24802
Ventimiglia,Italy,43.783333,7.6,24734
Genzano di Roma,Italy,41.7,12.683333,24626
Pietrasanta,Italy,43.95,10.233333,24625
Arzignano,Italy,45.516667,11.333333,24565
San Cataldo,Italy,37.483333,13.983333,24487
Legnago,Italy,45.183333,11.3,24319
Fidenza,Italy,44.866667,10.05,24218
Sezze,Italy,41.5,13.05,24214
Noto,Italy,36.883333,15.066667,24049
Dalmine,Italy,45.65,9.6,23928
Mola di Bari,Italy,41.066667,17.083333,23918
Scandiano,Italy,44.6,10.716667,23918
Portogruaro,Italy,45.775278,12.838611,23843
Giussano,Italy,45.7,9.233333,23745
Ivrea,Italy,45.466667,7.866667,23680
Nova Milanese,Italy,45.583333,9.2,23655
Magenta,Italy,45.466667,8.883333,23621
Chivasso,Italy,45.183333,7.883333,23591
Monserrato,Italy,39.256111,9.139722,23415
Lentini,Italy,37.283333,15,23235
Ottaviano,Italy,40.85,14.466667,23161
Ariano Irpino,Italy,41.15,15.083333,23034
Pontecagnano,Italy,40.633333,14.883333,22997
Montevarchi,Italy,43.516667,11.566667,22987
Iesolo,Italy,45.539444,12.649444,22976
San Giovanni la Punta,Italy,37.583333,15.116667,22970
Nocera Superiore,Italy,40.733333,14.666667,22898
Ortona,Italy,42.35,14.4,22874
Roseto degli Abruzzi,Italy,42.683333,14.016667,22868
Biancavilla,Italy,37.633333,14.866667,22829
Sessa Aurunca,Italy,41.233333,13.933333,22821
Orbassano,Italy,45.016667,7.533333,22805
Albenga,Italy,44.05,8.216667,22761
Cortona,Italy,43.266667,11.983333,22705
Floridia,Italy,37.083333,15.15,22616
Gaeta,Italy,41.2,13.583333,22566
Ferentino,Italy,41.7,13.25,22555
San Giuseppe Vesuviano,Italy,40.833333,14.5,22551
Palo del Colle,Italy,41.05,16.7,22505
Cesenatico,Italy,44.198333,12.411667,22479
Mondovì,Italy,44.383333,7.816667,22457
Ginosa,Italy,40.583333,16.75,22451
Veroli,Italy,41.683333,13.416667,22352
Belpasso,Italy,37.583333,14.966667,22316
Porto Torres,Italy,40.835,8.397222,22302
Pachino,Italy,36.716667,15.083333,22301
Giulianova,Italy,42.75,13.95,22299
Fucecchio,Italy,43.733333,10.8,22187
Mirandola,Italy,44.883333,11.066667,22173
Colleferro,Italy,41.733333,12.983333,22123
Copertino,Italy,40.266667,18.05,22105
Vignola,Italy,44.483333,11,22092
Sondrio,Italy,46.166667,9.866667,22064
Meda,Italy,45.666667,9.15,22048
San Giovanni Lupatoto,Italy,45.383333,11.05,22034
Acquaviva delle Fonti,Italy,40.9,16.833333,22030
Argenta,Italy,44.616667,11.833333,22005
Mariano Comense,Italy,45.7,9.183333,21877
Montecchio Maggiore,Italy,45.5,11.4,21875
Piazza Armerina,Italy,37.383333,14.366667,21864
Seriate,Italy,45.683333,9.716667,21795
Orvieto,Italy,42.716667,12.116667,21573
Palma di Montechiaro,Italy,37.183333,13.766667,21567
Muggiò,Italy,45.583333,9.216667,21561
Vigonza,Italy,45.45,11.983333,21541
Correggio,Italy,44.766667,10.783333,21540
Anagni,Italy,41.733333,13.15,21519
Acri,Italy,39.483333,16.383333,21495
Follonica,Italy,42.916667,10.75,21460
Pontassieve,Italy,43.766667,11.433333,21423
Monsummano Terme,Italy,43.866667,10.816667,21415
Isernia,Italy,41.6,14.233333,21409
Frascati,Italy,41.8,12.683333,21305
Massarosa,Italy,43.866667,10.333333,21262
Agropoli,Italy,40.35,14.983333,21243
Poggiomarino,Italy,40.8,14.533333,21214
Adria,Italy,45.056389,12.057778,21182
Savigliano,Italy,44.633333,7.666667,21161
Capaccio,Italy,40.416667,15.083333,21122
Castrovillari,Italy,39.816667,16.2,21094
Cornaredo,Italy,45.5,9.016667,21091
Ribera,Italy,37.5,13.266667,21086
Montichiari,Italy,45.416667,10.383333,21041
Mercato San Severino,Italy,40.783333,14.766667,20954
Villabate,Italy,38.066667,13.433333,20927
Vico Equense,Italy,40.666667,14.416667,20756
Casarano,Italy,40,18.166667,20722
Céglie Messápica,Italy,40.65,17.516667,20695
Rosolini,Italy,36.816667,14.95,20671
Valenza,Italy,45.016667,8.633333,20625
Sarzana,Italy,44.116667,9.966667,20596
Gallipoli,Italy,40.055556,17.976389,20588
Novate Milanese,Italy,45.533333,9.133333,20576
Narni,Italy,42.516667,12.516667,20567
Recanati,Italy,43.4,13.533333,20540
Thiene,Italy,45.7,11.483333,20474
Castel San Pietro Terme,Italy,44.4,11.583333,20368
Martellago,Italy,45.5475,12.15,20335
Cardito,Italy,40.95,14.3,20232
Paese,Italy,45.674167,12.163889,20224
Senago,Italy,45.583333,9.116667,20198
Castiglione delle Stiviere,Italy,45.383333,10.483333,20166
Seveso,Italy,45.65,9.15,20142
Borgomanero,Italy,45.7,8.466667,20133
San Vito dei Normanni,Italy,40.65,17.7,20057
Comacchio,Italy,44.6975,12.185833,20054
Selvazzano Dentro,Italy,45.383333,11.783333,20047
Noci,Italy,40.8,17.116667,19993
Casal di Principe,Italy,41,14.133333,19983
Giovinazzo,Italy,41.183333,16.666667,19962
Albignasego,Italy,45.35,11.866667,19835
Cercola,Italy,40.85,14.35,19764
Cittadella,Italy,45.65,11.783333,19681
Castel Volturno,Italy,41.033333,13.933333,19652
Arese,Italy,45.533333,9.083333,19649
San Nicola,Italy,38.266667,15.8,19627
Feltre,Italy,46.016667,11.9,19580
Minturno,Italy,41.25,13.75,19520
Grottaferrata,Italy,41.783333,12.666667,19485
Melzo,Italy,45.5,9.416667,19453
Acqui Terme,Italy,44.683333,8.466667,19410
Cusano Milanino,Italy,45.55,9.183333,19368
Palmi,Italy,38.35,15.85,19317
San Salvo,Italy,42.05,14.733333,19249
Capua,Italy,41.1,14.2,19209
Gorgonzola,Italy,45.533333,9.4,19167
Montalto Uffugo,Italy,39.4,16.15,19140
Bronte,Italy,37.783333,14.833333,19134
Abano Terme,Italy,45.35,11.783333,19112
Rivalta di Torino,Italy,45.033333,7.516667,19069
Tolentino,Italy,43.2,13.283333,19055
Ariccia,Italy,41.716667,12.666667,19033
Pozzallo,Italy,36.716667,14.85,19030
Sabaudia,Italy,41.3,13.016667,18951
Sacile,Italy,45.955278,12.501944,18935
Sestri Levante,Italy,44.266667,9.4,18906
Domodossola,Italy,46.116667,8.283333,18887
Ciriè,Italy,45.233333,7.6,18882
Lastra a Signa,Italy,43.766667,11.1,18870
San Mauro Torinese,Italy,45.1,7.766667,18799
Gioia Tauro,Italy,38.416667,15.9,18772
Bussolengo,Italy,45.466667,10.85,18755
Palestrina,Italy,41.833333,12.883333,18697
San Bonifacio,Italy,45.4,11.266667,18684
Grumo Nevano,Italy,40.933333,14.266667,18623
Ischia,Italy,40.733333,13.95,18621
Bressanone,Italy,46.716667,11.65,18599
Trecate,Italy,45.433333,8.733333,18578
Salsomaggiore Terme,Italy,44.816667,9.983333,18565
Aci Castello,Italy,37.55,15.133333,18554
Scorzè,Italy,45.573611,12.106111,18546
Cormano,Italy,45.533333,9.166667,18545
Castellana Grotte,Italy,40.883333,17.166667,18437
Chiari,Italy,45.533333,9.933333,18414
Montemurlo,Italy,43.916667,11.05,18352
Suzzara,Italy,45,10.75,18304
Trezzano sul Naviglio,Italy,45.416667,9.066667,18220
Piove di Sacco,Italy,45.2975,12.042778,18196
Oderzo,Italy,45.78,12.488056,18158
Viadana,Italy,44.933333,10.516667,18158
Villorba,Italy,45.738333,12.233611,18144
Negrar,Italy,45.533333,10.916667,18134
Rutigliano,Italy,41.016667,17,18115
Copparo,Italy,44.9,11.816667,18110
Castellaneta,Italy,40.633333,16.933333,18022
Nerviano,Italy,45.55,8.966667,18000
Valenzano,Italy,41.033333,16.883333,17960
Pergine Valsugana,Italy,46.066667,11.233333,17883
Orta Nova,Italy,41.316667,15.7,17873
Castelfidardo,Italy,43.466667,13.55,17870
Pescia,Italy,43.9,10.683333,17868
Tricase,Italy,39.933333,18.366667,17836
Cordenons,Italy,45.989722,12.701944,17824
Collegno,Italy,45.083333,7.566667,17767
Palagonia,Italy,37.316667,14.75,17745
Scordia,Italy,37.3,14.85,17742
Anguillara Sabazia,Italy,42.083333,12.266667,17734
Spoltore,Italy,42.45,14.133333,17633
Sestu,Italy,39.300556,9.090833,17618
Castelfiorentino,Italy,43.6,10.966667,17602
Santa Marinella,Italy,42.033333,11.85,17577
Carlentini,Italy,37.266667,15.016667,17572
Casamassima,Italy,40.95,16.916667,17519
Pianoro,Italy,44.366667,11.333333,17497
Beinasco,Italy,45.016667,7.583333,17416
Pisticci,Italy,40.383333,16.55,17393
Alpignano,Italy,45.1,7.516667,17390
Albino,Italy,45.766667,9.783333,17387
Arcore,Italy,45.616667,9.316667,17361
Todi,Italy,42.783333,12.4,17321
Bareggio,Italy,45.466667,8.983333,17271
Marsciano,Italy,42.9,12.333333,17262
Erba,Italy,45.8,9.25,17258
San Giovanni Valdarno,Italy,43.566667,11.533333,17245
Sìnnai,Italy,39.302222,9.203056,17218
San Giovanni in Fiore,Italy,39.25,16.7,17202
Siderno,Italy,38.266667,16.3,17194
Terzigno,Italy,40.8,14.483333,17155
Adelfia,Italy,41,16.866667,17132
Figline Valdarno,Italy,43.616667,11.466667,17130
Carate Brianza,Italy,45.683333,9.233333,17114
Piossasco,Italy,44.983333,7.466667,17036
Castel Maggiore,Italy,44.566667,11.366667,17023
Maranello,Italy,44.533333,10.866667,16988
Corciano,Italy,43.133333,12.283333,16983
Somma Lombardo,Italy,45.683333,8.7,16935
Tarquinia,Italy,42.25,11.75,16898
Paola,Italy,39.35,16.033333,16896
Caselle Torinese,Italy,45.166667,7.65,16826
Fiorano Modenese,Italy,44.533333,10.816667,16817
Monselice,Italy,45.233333,11.75,16815
Este,Italy,45.233333,11.65,16790
Civita Castellana,Italy,42.283333,12.416667,16785
Campagna,Italy,40.666667,15.116667,16760
Ghedi,Italy,45.4,10.266667,16690
Mottola,Italy,40.635278,17.035278,16686
Borgo San Lorenzo,Italy,43.95,11.383333,16628
Tradate,Italy,45.716667,8.9,16621
Polignano a Mare,Italy,41,17.216667,16462
Umbertide,Italy,43.3,12.333333,16451
Palagiano,Italy,40.578889,17.038611,16426
Bagnacavallo,Italy,44.416667,12,16423
Baronissi,Italy,40.733333,14.75,16375
Romano di Lombardia,Italy,45.516667,9.75,16358
Budrio,Italy,44.383333,11.9,16322
Sansepolcro,Italy,43.566667,12.133333,16302
Malnate,Italy,45.8,8.883333,16282
Savignano sul Rubicone,Italy,44.095278,12.408611,16276
Signa,Italy,43.783333,11.083333,16237
Gualdo Tadino,Italy,43.233333,12.783333,16216
Cattolica,Italy,43.966667,12.733333,16157
Melegnano,Italy,45.35,9.316667,16155
Samarate,Italy,45.633333,8.783333,16128
Pavullo nel Frignano,Italy,44.333333,10.833333,16114
Porto Empedocle,Italy,37.283333,13.533333,16110
San Marco in Lamis,Italy,41.716667,15.633333,16109
Certaldo,Italy,43.55,11.033333,16096
Saluzzo,Italy,44.65,7.483333,16080
Silvi,Italy,42.566667,14.083333,16070
Brusciano,Italy,40.916667,14.416667,16051
Cerea,Italy,45.2,11.216667,16046
Porto San Giorgio,Italy,43.183333,13.8,16010
Laives,Italy,46.433333,11.333333,15989
Omegna,Italy,45.883333,8.4,15940
Forio,Italy,40.733333,13.85,15939
Cossato,Italy,45.566667,8.166667,15921
Melfi,Italy,41,15.65,15897
Giaveno,Italy,45.033333,7.35,15884
Preganziol,Italy,45.601389,12.237222,15877
Sava,Italy,40.4,17.55,15819
Galatone,Italy,40.15,18.066667,15802
Saviano,Italy,40.9,14.5,15792
Agliana,Italy,43.9,11,15721
Besana in Brianza,Italy,45.7,9.283333,15703
Bondeno,Italy,44.883333,11.416667,15698
San Giorgio Ionico,Italy,40.45,17.383333,15682
Finale Emilia,Italy,44.833333,11.283333,15665
Frattaminore,Italy,40.95,14.266667,15664
Carovigno,Italy,40.7,17.65,15611
Cadoneghe,Italy,45.433333,11.916667,15600
Gussago,Italy,45.583333,10.15,15585
Rovato,Italy,45.566667,10,15569
Rosarno,Italy,38.483333,15.966667,15558
Cavarzere,Italy,45.135556,12.081667,15543
Sona,Italy,45.433333,10.833333,15528
Villacidro,Italy,39.457778,8.740556,15513
Noale,Italy,45.553333,12.071944,15512
Oria,Italy,40.5,17.633333,15505
Castellammare del Golfo,Italy,38.016667,12.883333,15504
Taurianova,Italy,38.35,16.016667,15488
Nicosia,Italy,37.75,14.4,15416
Riva,Italy,45.783333,11.1,15389
Reggello,Italy,43.683333,11.533333,15388
Arco,Italy,45.916667,10.883333,15373
Zola Predosa,Italy,44.483333,11.2,15362
Calenzano,Italy,43.85,11.15,15349
Santa Maria di Sala,Italy,45.506944,12.029722,15322
Latiano,Italy,40.55,17.716667,15321
Castiglione del Lago,Italy,43.116667,12.05,15309
Sorrento,Italy,40.616667,14.366667,15308
Maglie,Italy,40.116667,18.3,15295
Urbino,Italy,43.716667,12.633333,15284
Laterza,Italy,40.616667,16.8,15268
Ispica,Italy,36.783333,14.916667,15238
Tréntola-Ducenta,Italy,40.983333,14.166667,15215
Lentate sul Seveso,Italy,45.683333,9.116667,15205
Dolo,Italy,45.428333,12.0725,15173
Squinzano,Italy,40.436111,18.041667,15156
Policoro,Italy,40.216667,16.683333,15083
Casalgrande,Italy,44.583333,10.733333,15082
Grottammare,Italy,42.983333,13.866667,15057
Potenza Picena,Italy,43.366667,13.616667,15044
Martinsicuro,Italy,42.883333,13.916667,15030
Rocca di Papa,Italy,41.766667,12.7,15026
Bracciano,Italy,42.1,12.166667,15003
Lonigo,Italy,45.383333,11.383333,15001
Caravaggio,Italy,45.5,9.633333,14976
Impruneta,Italy,43.683333,11.25,14949
Molinella,Italy,44.616667,11.666667,14943
Castellanza,Italy,45.616667,8.9,14926
Mentana,Italy,42.033333,12.633333,14925
Pontecorvo,Italy,41.45,13.666667,14863
Capurso,Italy,41.05,16.916667,14808
Orbetello,Italy,42.45,11.216667,14805
Casalmaggiore,Italy,44.983333,10.433333,14802
Merate,Italy,45.7,9.416667,14801
San Ferdinando di Puglia,Italy,41.3,16.066667,14792
San Pietro Vernotico,Italy,40.485278,17.999722,14779
Palma Campania,Italy,40.866667,14.55,14741
Vedelago,Italy,45.687222,12.016389,14702
Codroipo,Italy,45.96,12.979167,14660
Concorezzo,Italy,45.583333,9.333333,14646
Trinitapoli,Italy,41.35,16.083333,14629
Pontinia,Italy,41.4,13.033333,14621
Casalpusterlengo,Italy,45.183333,9.65,14586
Leonforte,Italy,37.633333,14.383333,14576
Guastalla,Italy,44.916667,10.65,14572
Codogno,Italy,45.15,9.7,14558
Soliera,Italy,44.733333,10.916667,14530
Priverno,Italy,41.466667,13.183333,14494
Sasso Marconi,Italy,44.4,11.25,14487
Pineto,Italy,42.6,14.066667,14469
Rubano,Italy,45.433333,11.783333,14458
Luino,Italy,46,8.733333,14450
Valmontone,Italy,41.766667,12.95,14448
Corridonia,Italy,43.25,13.5,14425
Arona,Italy,45.766667,8.566667,14423
Sommacampagna,Italy,45.4,10.833333,14414
Zagarolo,Italy,41.833333,12.833333,14410
Darfo,Italy,45.883333,10.183333,14391
Montepulciano,Italy,43.083333,11.783333,14389
Borgaro Torinese,Italy,45.15,7.666667,14353
Cefalù,Italy,38.033333,14.016667,14334
Chiaravalle,Italy,43.6,13.316667,14334
Mortara,Italy,45.25,8.733333,14300
Fiesole,Italy,43.8,11.283333,14295
Locorotondo,Italy,40.75,17.333333,14294
Vinci,Italy,43.783333,10.916667,14284
Veglie,Italy,40.333333,17.966667,14227
Villasanta,Italy,45.616667,9.3,14218
Santa Maria a Vico,Italy,41.033333,14.483333,14211
Trepuzzi,Italy,40.405556,18.075556,14198
Rescaldina,Italy,45.616667,8.95,14194
Castenaso,Italy,44.5,11.466667,14193
Cerro Maggiore,Italy,45.6,8.95,14181
Pescantina,Italy,45.483333,10.85,14175
Calolziocorte,Italy,45.8,9.433333,14168
Borgosesia,Italy,45.716667,8.266667,14144
Bovolone,Italy,45.25,11.116667,14128
Medicina,Italy,44.466667,11.633333,14065
Riposto,Italy,37.733333,15.2,14054
Vimodrone,Italy,45.5,9.266667,14040
Galliate,Italy,45.483333,8.7,14035
Carugate,Italy,45.55,9.333333,14033
Raffadali,Italy,37.4,13.533333,14023
Agrate Brianza,Italy,45.566667,9.35,14002
Opera,Italy,45.366667,9.2,13986
Brunico,Italy,46.8,11.933333,13982
Porcia,Italy,45.96,12.607222,13981
Casandrino,Italy,40.933333,14.25,13963
Tempio Pausania,Italy,40.9,9.1,13947
Cirò Marina,Italy,39.366667,17.133333,13929
Monteroni di Lecce,Italy,40.316667,18.1,13908
Volpiano,Italy,45.2,7.766667,13842
Dueville,Italy,45.633333,11.533333,13841
San Vito al Tagliamento,Italy,45.914444,12.85,13834
Leverano,Italy,40.283333,18,13795
Apricena,Italy,41.783333,15.45,13753
Amantea,Italy,39.133333,16.066667,13733
Surbo,Italy,40.399444,18.133056,13711
Patti,Italy,38.133333,14.966667,13703
Leno,Italy,45.366667,10.216667,13604
Sorso,Italy,40.8,8.577222,13555
Cairo Montenotte,Italy,44.4,8.266667,13547
Nonantola,Italy,44.683333,11.033333,13544
Monte San Giovanni Campano,Italy,41.633333,13.516667,13538
Appiano,Italy,46.466667,11.25,13521
Busto Garolfo,Italy,45.55,8.883333,13520
Lauria,Italy,40.033333,15.833333,13507
Castelnuovo Rangone,Italy,44.55,10.933333,13498
Ravanusa,Italy,37.266667,13.966667,13492
San Martino Buon Albergo,Italy,45.416667,11.083333,13471
Múggia,Italy,45.603056,13.767222,13470
Varazze,Italy,44.366667,8.566667,13464
Castel San Giorgio,Italy,40.783333,14.7,13460
Vieste,Italy,41.883333,16.166667,13440
Solaro,Italy,44.883333,9.166667,13435
Azzano Decimo,Italy,45.883056,12.713056,13421
Marostica,Italy,45.75,11.65,13401
Rionero in Vulture,Italy,40.916667,15.666667,13399
Francofonte,Italy,37.233333,14.883333,13398
Penne,Italy,42.45,13.916667,13394
Marcon,Italy,45.564444,12.298889,13368
Carmignano,Italy,45.15,11.65,13366
Manerbio,Italy,45.35,10.133333,13349
Calvizzano,Italy,40.9,14.183333,13333
Magione,Italy,43.133333,12.2,13326
Montefiascone,Italy,42.533333,12.033333,13326
Castellarano,Italy,44.516667,10.733333,13323
Zevio,Italy,45.366667,11.133333,13318
Vigodarzere,Italy,45.45,11.883333,13309
Ponsacco,Italy,43.616667,10.633333,13257
Vetralla,Italy,42.316667,12.05,13250
Menfi,Italy,37.6,12.966667,13231
Guspini,Italy,39.540556,8.629444,13229
Melilli,Italy,37.183333,15.116667,13211
Lonato,Italy,45.45,10.483333,13196
Rezzato,Italy,45.516667,10.316667,13190
Villa San Giovanni,Italy,38.216667,15.633333,13187
Rosa,Italy,45.930556,12.870833,13186
Varedo,Italy,45.6,9.15,13151
Ponte San Nicolò,Italy,45.366667,11.616667,13148
Codigoro,Italy,44.831111,12.114167,13147
Eraclea,Italy,45.580556,12.675556,13132
Piano di Sorrento,Italy,40.633333,14.383333,13111
Montesarchio,Italy,41.066667,14.633333,13110
Malo,Italy,45.65,11.4,13107
Oleggio,Italy,45.6,8.633333,13097
Mercogliano,Italy,40.916667,14.733333,13046
Montegranaro,Italy,43.233333,13.633333,13039
Campiglia Marittima,Italy,43.05,10.616667,13014
Casatenovo,Italy,45.7,9.316667,13014
Lavagna,Italy,44.3,9.333333,13002
Locri,Italy,38.233333,16.266667,12994
Seravezza,Italy,43.983333,10.216667,12985
Sala Consilina,Italy,40.383333,15.6,12903
San Severino Marche,Italy,43.216667,13.166667,12896
Isola del Liri,Italy,41.683333,13.566667,12893
Tavagnacco,Italy,46.133889,13.176389,12877
Chiampo,Italy,45.55,11.283333,12865
Fara in Sabina,Italy,42.2,12.716667,12825
Teano,Italy,41.25,14.066667,12806
Grammichele,Italy,37.216667,14.633333,12797
Taviano,Italy,39.983333,18.083333,12797
Castiglion Fiorentino,Italy,43.333333,11.916667,12795
Fisciano,Italy,40.766667,14.8,12790
Palombara Sabina,Italy,42.066667,12.766667,12787
Lavello,Italy,41.05,15.8,12774
Alzano Lombardo,Italy,45.733333,9.716667,12767
Monte di Procida,Italy,40.8,14.05,12757
Barrafranca,Italy,37.366667,14.2,12737
Montespertoli,Italy,43.633333,11.066667,12723
Grumo Appula,Italy,41.016667,16.7,12677
Cervignano del Friuli,Italy,45.821111,13.338056,12674
Crispiano,Italy,40.605833,17.230278,12663
Canegrate,Italy,45.566667,8.933333,12649
Collecchio,Italy,44.75,10.216667,12647
Rubiera,Italy,44.65,10.783333,12617
Novellara,Italy,44.85,10.733333,12598
Margherita di Savoia,Italy,41.366667,16.15,12589
Cassano delle Murge,Italy,40.883333,16.766667,12545
Roncade,Italy,45.63,12.374167,12540
Mascali,Italy,37.75,15.2,12525
Calderara di Reno,Italy,44.566667,11.266667,12521
Priolo Gargallo,Italy,37.15,15.183333,12498
Rivarolo Canavese,Italy,45.316667,7.716667,12497
Mazzarino,Italy,37.3,14.216667,12483
Lendinara,Italy,45.083333,11.6,12477
Latisana,Italy,45.779167,13,12432
Sarezzo,Italy,45.65,10.2,12423
Solofra,Italy,40.833333,14.85,12419
Crevalcore,Italy,44.716667,11.15,12413
Quattro Castella,Italy,44.633333,10.466667,12369
Ospitaletto,Italy,45.133333,10.6,12368
Taggia,Italy,43.866667,7.85,12367
Trezzo,Italy,45.6,9.516667,12360
Sinalunga,Italy,43.2,11.733333,12348
Leinì,Italy,45.183333,7.716667,12343
Taurisano,Italy,39.95,18.216667,12340
Vecchiano,Italy,43.783333,10.383333,12339
Campodarsego,Italy,45.5,11.9,12327
Castel San Giovanni,Italy,45.066667,9.433333,12316
Lonate Pozzolo,Italy,45.6,8.75,12316
Salzano,Italy,45.521944,12.108333,12306
Maniago,Italy,46.170556,12.707778,12299
Santo Stino di Livenza,Italy,45.735,12.680833,12294
Carmiano,Italy,40.35,18.05,12291
Cicciano,Italy,40.966667,14.533333,12266
Cisternino,Italy,40.733333,17.416667,12265
Travagliato,Italy,45.516667,10.083333,12234
Montecorvino Rovella,Italy,40.7,14.983333,12208
Bagnolo Mella,Italy,45.433333,10.166667,12165
Altopascio,Italy,43.816667,10.666667,12150
Montelupo Fiorentino,Italy,43.733333,11.016667,12146
Quartucciu,Italy,39.251944,9.179444,12145
Trebaseleghe,Italy,45.592778,12.050556,12137
Castelfranco di Sotto,Italy,43.7,10.75,12130
Bibbiena,Italy,43.7,11.816667,12123
Monte San Pietro,Italy,44.433333,11.133333,12106
Lariano,Italy,41.716667,12.833333,12092
Biassono,Italy,45.616667,9.266667,12090
Avigliana,Italy,45.083333,7.383333,12080
Venafro,Italy,41.483333,14.033333,12050
Terranuova Bracciolini,Italy,43.55,11.583333,12026
San Martino di Lupari,Italy,45.65,11.85,12023
Orzinuovi,Italy,45.4,9.916667,12022
Valeggio sul Mincio,Italy,45.35,10.733333,12015
Corleone,Italy,37.816667,13.3,11982
Venosa,Italy,40.966667,15.816667,11982
Alfonsine,Italy,44.506111,12.056389,11963
Salemi,Italy,37.816667,12.8,11937
Ozieri,Italy,40.583333,9,11924
Portomaggiore,Italy,44.7,11.8,11910
Atri,Italy,42.583333,13.966667,11904
Torri di Quartesolo,Italy,45.516667,11.616667,11900
Ovada,Italy,44.633333,8.633333,11898
La Maddalena,Italy,41.216667,9.4,11885
Avigliano,Italy,40.733333,15.716667,11881
Cavallino,Italy,40.3,18.2,11878
Borgo San Dalmazzo,Italy,44.333333,7.5,11857
Partanna,Italy,37.716667,12.883333,11852
Mussomeli,Italy,37.583333,13.75,11846
Stezzano,Italy,45.633333,9.65,11844
Camponogara,Italy,45.385,12.072222,11841
Cori,Italy,41.65,12.916667,11826
Calcinato,Italy,45.45,10.4,11817
Macomer,Italy,40.266667,8.783333,11796
Morbegno,Italy,46.133333,9.566667,11775
Ronchi dei Legionari,Italy,45.823611,13.509722,11746
Randazzo,Italy,37.883333,14.95,11731
Arzachena,Italy,41.083333,9.383333,11716
Celano,Italy,42.083333,13.55,11701
Loreto,Italy,43.433333,13.6,11701
Turi,Italy,40.916667,17.016667,11680
Pianezza,Italy,45.1,7.55,11672
Camposampiero,Italy,45.566667,11.933333,11651
Caorle,Italy,45.599722,12.883889,11647
Pieve di Soligo,Italy,45.9025,12.177222,11642
Polistena,Italy,38.4,16.066667,11637
Nembro,Italy,45.75,9.75,11635
Olgiate Olona,Italy,45.633333,8.883333,11628
Forlimpopoli,Italy,44.194167,12.141111,11622
San Gregorio di Catania,Italy,37.566667,15.1,11616
San Michele al Tagliamento,Italy,45.7625,12.999444,11602
Susegana,Italy,45.851389,12.248333,11594
Cividale del Friuli,Italy,46.093056,13.4275,11590
Pedara,Italy,37.633333,15.066667,11579
Valmadrera,Italy,45.85,9.35,11574
Arenzano,Italy,44.4,8.683333,11572
Artena,Italy,41.733333,12.916667,11564
Campobello di Licata,Italy,37.25,13.916667,11557
Finale Ligure,Italy,44.166667,8.333333,11543
Bernalda,Italy,40.4,16.683333,11532
Giffoni Valle Piana,Italy,40.733333,14.933333,11523
Gardone Val Trompia,Italy,45.683333,10.183333,11478
Mondolfo,Italy,43.75,13.1,11477
Spilamberto,Italy,44.533333,11.016667,11472
Lanuvio,Italy,41.666667,12.7,11458
Paceco,Italy,37.983333,12.55,11418
Matino,Italy,40.033333,18.133333,11410
Santa Maria a Monte,Italy,43.7,10.7,11384
Cornedo Vicentino,Italy,45.616667,11.333333,11378
Trofarello,Italy,44.983333,7.733333,11377
Atripalda,Italy,40.916667,14.833333,11361
Riesi,Italy,37.283333,14.083333,11322
San Cesareo,Italy,41.816667,12.8,11312
Carpenedolo,Italy,45.366667,10.433333,11306
Cinisi,Italy,38.15,13.1,11305
Amelia,Italy,42.55,12.416667,11282
Belmonte Mezzagno,Italy,38.033333,13.383333,11279
Terrasini,Italy,38.15,13.083333,11269
Olgiate Comasco,Italy,45.8,8.966667,11261
Noceto,Italy,44.8,10.183333,11258
Sedriano,Italy,45.483333,8.966667,11231
Campobello di Mazara,Italy,37.633333,12.75,11225
Ramacca,Italy,37.383333,14.7,11219
Tezze sul Brenta,Italy,45.683333,11.683333,11215
Piazzola sul Brenta,Italy,45.533333,11.783333,11204
Spilimbergo,Italy,46.1125,12.896944,11193
Serravalle Pistoiese,Italy,43.9,10.816667,11171
Bagnara Calabra,Italy,38.283333,15.8,11165
San Giustino,Italy,43.55,12.166667,11138
Bisignano,Italy,39.516667,16.283333,11136
Volterra,Italy,43.4,10.85,11130
Tortolì,Italy,39.925556,9.657222,11127
Campi Salentina,Italy,40.399444,18.018611,11120
Rocca Priora,Italy,41.8,12.75,11117
Monteprandone,Italy,42.916667,13.833333,11113
Alberobello,Italy,40.783333,17.266667,11112
Formello,Italy,42.083333,12.4,11097
Atessa,Italy,42.066667,14.45,11081
Gemona,Italy,46.279444,13.143056,11061
Stradella,Italy,45.083333,9.3,11050
Cave,Italy,41.816667,12.933333,11014
Nave,Italy,45.583333,10.283333,11001
Pellezzano,Italy,40.716667,14.75,10969
Fagnano Olona,Italy,45.666667,8.866667,10957
San Gennaro Vesuviano,Italy,40.883333,14.533333,10955
Gavardo,Italy,45.583333,10.433333,10948
Badia Polesine,Italy,45.083333,11.483333,10947
Castel Goffredo,Italy,45.3,10.466667,10916
Novi di Modena,Italy,44.9,10.9,10896
Porto Tolle,Italy,44.933333,12.366667,10894
Virgilio,Italy,45.116667,10.783333,10891
Isola della Scala,Italy,45.266667,11,10879
Montegrotto Terme,Italy,45.316667,11.766667,10865
Concordia Sagittaria,Italy,45.759444,12.840556,10859
Caldogno,Italy,45.6,11.5,10854
Valdobbiadene,Italy,45.9,12,10854
Procida,Italy,40.766667,14.033333,10835
Ficarazzi,Italy,38.083333,13.466667,10829
Montignoso,Italy,44.016667,10.166667,10804
Castano Primo,Italy,45.55,8.783333,10792
Musile di Piave,Italy,45.616667,12.55,10779
Tolmezzo,Italy,46.4075,13.0175,10777
Scalea,Italy,39.816667,15.783333,10765
Paullo,Italy,45.416667,9.4,10758
Lizzanello,Italy,40.3,18.216667,10737
Cazzago San Martino,Italy,45.583333,10.016667,10732
San Prisco,Italy,41.083333,14.266667,10730
Russi,Italy,44.3725,12.032222,10712
Grezzana,Italy,45.516667,11.016667,10706
Montale,Italy,43.933333,11.016667,10704
Lerici,Italy,44.066667,9.916667,10684
San Pietro in Casale,Italy,44.7,11.4,10667
Arluno,Italy,45.5,8.933333,10662
Bitetto,Italy,41.033333,16.75,10662
Lipari,Italy,38.466667,14.95,10649
Altavilla Vicentina,Italy,45.516667,11.466667,10643
Santa Flavia,Italy,38.083333,13.516667,10630
Siano,Italy,40.8,14.683333,10613
Castelvetro di Modena,Italy,44.5,10.95,10604
Melito di Porto Salvo,Italy,37.916667,15.783333,10602
Canelli,Italy,44.716667,8.283333,10595
San Felice sul Panaro,Italy,44.833333,11.133333,10589
Torre Santa Susanna,Italy,40.466667,17.733333,10575
Riese,Italy,45.733333,11.916667,10568
Villa Literno,Italy,41,14.066667,10562
Capaci,Italy,38.166667,13.233333,10559
Fiume Veneto,Italy,45.932778,12.730833,10556
San Pancrazio Salentino,Italy,40.416667,17.833333,10546
Creazzo,Italy,45.366667,11.45,10529
Salò,Italy,45.6,10.516667,10525
Racale,Italy,39.95,18.1,10502
Carbonera,Italy,45.680556,12.288333,10501
Motta di Livenza,Italy,45.778056,12.602778,10501
Occhiobello,Italy,44.916667,11.583333,10500
Castrolibero,Italy,39.3,16.183333,10495
Aulla,Italy,44.2,9.966667,10492
Aragona,Italy,37.4,13.616667,10490
Guardiagrele,Italy,42.183333,14.216667,10451
Troina,Italy,37.783333,14.6,10450
Sesto Calende,Italy,45.733333,8.633333,10402
Boscotrecase,Italy,40.766667,14.466667,10393
Nizza Monferrato,Italy,44.766667,8.35,10391
Alassio,Italy,44,8.166667,10384
Bitritto,Italy,41.05,16.833333,10384
Lizzano,Italy,40.383333,17.45,10376
Loano,Italy,44.133333,8.25,10375
Cuorgnè,Italy,45.383333,7.65,10371
Lurate Caccivio,Italy,45.766667,9.016667,10369
Lana,Italy,46.616667,11.15,10341
Recco,Italy,44.366667,9.15,10341
Luzzi,Italy,39.45,16.283333,10338
Induno Olona,Italy,45.85,8.833333,10325
Santa Margherita Ligure,Italy,44.333333,9.2,10310
Cetraro,Italy,39.516667,15.933333,10296
Matelica,Italy,43.25,13,10294
Barga,Italy,44.066667,10.483333,10292
Cittanova,Italy,38.35,16.083333,10282
Barberino di Mugello,Italy,44,11.25,10271
Cingoli,Italy,43.366667,13.216667,10261
Casaluce,Italy,41,14.2,10243
Cameri,Italy,45.5,8.65,10236
Porto Recanati,Italy,43.433333,13.666667,10233
Cerreto Guidi,Italy,43.75,10.883333,10208
Mandello del Lario,Italy,45.9,9.316667,10196
Pulsano,Italy,40.383333,17.35,10191
Siniscola,Italy,40.566667,9.683333,10187
Goito,Italy,45.25,10.666667,10185
Cologno al Serio,Italy,45.583333,9.7,10175
Arcola,Italy,44.116667,9.9,10170
Busca,Italy,44.516667,7.483333,10168
Taormina,Italy,37.85,15.283333,10160
Castelbuono,Italy,37.933333,14.083333,10129
Racconigi,Italy,44.766667,7.766667,10128
Asola,Italy,45.216667,10.4,10112
Cutro,Italy,39.033333,16.983333,10102
Portoferraio,Italy,42.816667,10.316667,10102
Racalmuto,Italy,37.4,13.733333,10076
Montemarciano,Italy,43.633333,13.316667,10012
Montescaglioso,Italy,40.55,16.666667,10005
Bordighera,Italy,43.766667,7.65,9965
Minervino Murge,Italy,41.083333,16.083333,9955
Bertinoro,Italy,44.146944,12.138889,9941
Bucine,Italy,43.483333,11.616667,9940
Subiaco,Italy,41.916667,13.1,9932
San Sebastiano al Vesuvio,Italy,40.833333,14.366667,9931
San Giorgio del Sannio,Italy,41.066667,14.85,9929
Gavirate,Italy,45.833333,8.716667,9910
Ugento,Italy,39.933333,18.166667,9893
Gambettola,Italy,44.122778,12.343056,9889
Soverato,Italy,38.683333,16.55,9884
Ponte San Pietro,Italy,45.7,9.583333,9873
Spresiano,Italy,45.777778,12.266111,9868
San Gavino Monreale,Italy,39.551389,8.791667,9814
Parabita,Italy,40.05,18.133333,9804
Fontanafredda,Italy,45.975556,12.568333,9796
Boves,Italy,44.316667,7.55,9782
Serramanna,Italy,39.424444,8.924444,9766
Sannicandro di Bari,Italy,41,16.8,9761
Quinto di Treviso,Italy,45.648056,12.166667,9726
Morrovalle,Italy,43.316667,13.566667,9723
Treia,Italy,43.316667,13.316667,9673
Casteldaccia,Italy,38.05,13.533333,9671
Martano,Italy,40.2,18.3,9644
Fossombrone,Italy,43.683333,12.8,9621
Sortino,Italy,37.15,15.033333,9617
Santhià,Italy,45.366667,8.166667,9614
Campolongo Maggiore,Italy,45.321111,12.046667,9607
Montagnana,Italy,45.233333,11.466667,9607
Zogno,Italy,45.8,9.666667,9607
Ittiri,Italy,40.6,8.566667,9593
Volpago del Montello,Italy,45.783333,12.116667,9593
Melendugno,Italy,40.266667,18.333333,9554
Filottrano,Italy,43.433333,13.35,9550
Palazzolo Acreide,Italy,37.066667,14.9,9548
Tirano,Italy,46.216667,10.166667,9546
Terralba,Italy,39.719167,8.639167,9530
Broni,Italy,45.066667,9.266667,9514
Vaiano,Italy,43.966667,11.116667,9514
San Marzano sul Sarno,Italy,40.766667,14.583333,9501
Roccastrada,Italy,43,11.166667,9470
Silea,Italy,45.656111,12.300278,9447
Castellamonte,Italy,45.383333,7.7,9437
Garlasco,Italy,45.2,8.916667,9429
Castelletto sopra Ticino,Italy,45.716667,8.633333,9416
Poirino,Italy,44.916667,7.85,9404
Roccapiemonte,Italy,40.766667,14.683333,9368
Càbras,Italy,39.93,8.531389,9249
Ruffano,Italy,39.983333,18.25,9186
Petilia Policastro,Italy,39.116667,16.783333,9159
Cogoleto,Italy,44.383333,8.65,9148
Aradeo,Italy,40.133333,18.133333,9108
Cutrofiano,Italy,40.116667,18.2,9105
Ferrandina,Italy,40.483333,16.45,9092
Cagli,Italy,43.55,12.65,9068
Trebisacce,Italy,39.866667,16.533333,9028
Conselice,Italy,44.516667,11.816667,9011
Valguarnera Caropepe,Italy,37.5,14.383333,8991
Fivizzano,Italy,44.233333,10.133333,8971
Soresina,Italy,45.283333,9.85,8947
Salice Salentino,Italy,40.383333,17.966667,8932
Massa Marittima,Italy,43.05,10.883333,8924
Belvedere Marittimo,Italy,39.616667,15.866667,8880
Erchie,Italy,40.433333,17.733333,8828
Naro,Italy,37.3,13.783333,8747
Grado,Italy,45.678611,13.386944,8658
Agira,Italy,37.65,14.516667,8585
Casteltermini,Italy,37.533333,13.65,8384
San Giuseppe Jato,Italy,37.966667,13.183333,8380
Pietra Ligure,Italy,44.15,8.283333,8301
Montorio al Vomano,Italy,42.583333,13.633333,8223
Forte dei Marmi,Italy,43.95,10.166667,8177
Vietri sul Mare,Italy,40.666667,14.733333,8105
Chiusi,Italy,43.016667,11.95,8100
Cariati,Italy,39.5,16.95,8058
Militello in Val di Catania,Italy,37.266667,14.8,8035
